,ID,Link,Title,Location,Excerpt,Address,Size (Meters Squared),Price (ZAR),Bedrooms,Bathrooms,Parking Spaces,Estate Agency,Price per Size (ZAR/Meter Squared)
47,111441609,https://www.property24.com/for-sale/green-point/cape-town/western-cape/11017/111441609,Apartment,Green Point,Spacious apartment offering it all!Opportunity to design your own lifestyle! The ...,221 Main Road,141.0,5200000,3.0,3.0,2.0,Seeff Sea Point - Sales,36879.43262411348
80,111425198,https://www.property24.com/for-sale/green-point/cape-town/western-cape/11017/111425198,Apartment,Green Point,"Exclusive Joint MandateBrand new unfurnished spacious modern bright and light open-plan apartment with living / entertainment area, 1 ...",,74.0,3665000,1.0,1.0,1.0,Rawson Properties Atlantic,49527.02702702703
105,111405474,https://www.property24.com/for-sale/green-point/cape-town/western-cape/11017/111405474,Apartment,Green Point,A unique offering: central studio apartment with communal entertainment facilities in a ...,8 York Road,44.0,1495000,,1.0,1.0,Vintroux International Real Estate Specialists,33977.27272727273
245,111409268,https://www.property24.com/for-sale/green-point/cape-town/western-cape/11017/111409268,Apartment,Green Point,Exclusive MarketingA truly unmissable opportunity to own real estate in the niche ...,5 Wessels Road,82.0,2499000,2.0,1.5,1.0,Quay 1 International Realty,30475.60975609756
338,111316658,https://www.property24.com/for-sale/green-point/cape-town/western-cape/11017/111316658,Apartment,Green Point,"2 Bedroomed, 2 bathroomed apartment. Open plan kitchen and living areas, leading onto ...",169 Main Road,87.0,5485000,2.0,2.0,2.0,Pam Golding Properties - Atlantic Seaboard,63045.97701149425
382,111307796,https://www.property24.com/for-sale/green-point/cape-town/western-cape/11017/111307796,Apartment,Green Point,"Sole mandate and priced to sell!!Located in the heart of Green Point, and within short ...",197 Main Road,54.0,2595000,1.0,1.0,2.0,"Just Property, Atlantic Seaboard",48055.555555555555
383,111404775,https://www.property24.com/for-sale/green-point/cape-town/western-cape/11017/111404775,Apartment,Green Point,"This 125m2 apartment situated high up in the building, on the front row on Main Road, Green Point, has spectacular views overlooking ...",,125.0,5450000,2.0,1.0,2.0,Lionlead Real Estate,43600.0
446,111359237,https://www.property24.com/for-sale/green-point/cape-town/western-cape/11017/111359237,Apartment,Green Point,"This three bedroom, two bathroom apartment at NINE ON S is perfectly positioned in Green ...","Apartment 1g, 7 Scholtz Road",171.0,6575000,3.0,2.0,2.0,Blok Urban Living,38450.29239766082
487,111383081,https://www.property24.com/for-sale/green-point/cape-town/western-cape/11017/111383081,Apartment,Green Point,"This stylish, newly renovated apartment ready to move-in or continue as an excellent ...",8 Upper Portswood Road,52.0,2575000,1.0,1.0,2.0,Quay 1 International Realty,49519.230769230766
488,111359287,https://www.property24.com/for-sale/green-point/cape-town/western-cape/11017/111359287,Apartment,Green Point,"This two bedroom, one bathroom apartment at NINE ON S is perfectly positioned in Green ...","Apartment 1c, 7 Scholtz Road",89.0,4275000,2.0,1.0,2.0,Blok Urban Living,48033.70786516854
655,111424685,https://www.property24.com/for-sale/green-point/cape-town/western-cape/11017/111424685,Apartment,Green Point,"Situated just next door to the Green Point Giovanni's Deli and the Green Point strip of restaurants, shops, and across the road ...",,63.0,1875000,1.0,1.0,,The Agency Property Group,29761.904761904763
723,111353540,https://www.property24.com/for-sale/green-point/cape-town/western-cape/11017/111353540,Apartment,Green Point,"Security, parking, swimming pool, gym and direct private access to Waterkant Street - ...",11 Boundary Road,77.0,2995000,2.0,1.5,1.0,CARADOC | CAPE PROPERTY SPECIALISTS,38896.103896103894
746,108372774,https://www.property24.com/for-sale/green-point/cape-town/western-cape/11017/108372774,Apartment,Green Point,Fantastic Airbnb unit or lock up and go.An easy move for someone moving to CT from up country.Details are as follows:* 2 Bedroom ...,,87.0,3399000,2.0,1.0,1.0,Tyson Properties Atlantic Seaboard,39068.96551724138
812,111237453,https://www.property24.com/for-sale/green-point/cape-town/western-cape/11017/111237453,Apartment,Green Point,"Luxury living from this brand new, chic and stylish 2 bedroomed 2 bath roomed apartment. ...",169 Main Road,86.0,5330000,2.0,2.0,2.0,Pam Golding Properties - Atlantic Seaboard,61976.74418604651
880,111360824,https://www.property24.com/for-sale/green-point/cape-town/western-cape/11017/111360824,Apartment,Green Point,This 67 1 bedroom Gem is a fantastic investment because it is located high up in ...,137 Main Road,67.0,2650000,1.0,1.0,1.0,RE/MAX Living,39552.23880597015
884,111455618,https://www.property24.com/for-sale/green-point/cape-town/western-cape/11017/111455618,Apartment,Green Point,This open plan apartment is perfectly spacious with accommodation including two bedrooms ...,Cape Royale Hotel,119.0,4490000,2.0,2.0,2.0,Atteridge Real Estate,37731.09243697479
971,111411065,https://www.property24.com/for-sale/green-point/cape-town/western-cape/11017/111411065,Apartment,Green Point,"Newly renovated and soaked in natural light, this spacious 2-bedroom, 2-bathroom apartment in a boutique block on High Level Road hits ...",,96.0,3690000,2.0,2.0,1.0,RE/MAX Living,38437.5
996,111347073,https://www.property24.com/for-sale/green-point/cape-town/western-cape/11017/111347073,Apartment,Green Point,Sole mandate.What an incredible find! The pictures speak for itself.Situated on the boundary of trendy De Waterkant in close ...,,54.0,2350000,1.0,2.0,1.0,RE/MAX Living,43518.51851851852
997,111359957,https://www.property24.com/for-sale/green-point/cape-town/western-cape/11017/111359957,Apartment,Green Point,Sole mandate.What an incredible find! The pictures speak for itself.Situated on the boundary of trendy De Waterkant in close ...,,54.0,2350000,1.0,2.0,1.0,RE/MAX Living,43518.51851851852
1004,111218264,https://www.property24.com/for-sale/green-point/cape-town/western-cape/11017/111218264,Apartment,Green Point,"Situated in the heart of Green Point, in a popular block just a stone's throw away ...",3 Vesperdene Road,91.0,3695000,2.0,2.0,2.0,Mayfair Property Group,40604.395604395606
1024,111415744,https://www.property24.com/for-sale/green-point/cape-town/western-cape/11017/111415744,Apartment,Green Point,"With the Cape Town Stadium, Golf Course, Athletic clubs, tennis clubs, vibrant restaurants, coffee shops, schools, and promenade all ...",,101.0,4495000,2.0,2.0,1.0,Sotheby's International Realty - Atlantic Seaboard & City Bowl,44504.9504950495
1080,111355310,https://www.property24.com/for-sale/green-point/cape-town/western-cape/11017/111355310,Apartment,Green Point,This spectacular two-bedroomed apartment is located a block away from the iconic Sea Point Promenade and the prominent Green Point ...,,105.0,2950000,2.0,1.0,1.0,Greeff Christie's International Real Estate - Head Office,28095.238095238095
1081,111209999,https://www.property24.com/for-sale/green-point/cape-town/western-cape/11017/111209999,Apartment,Green Point,"Airbnb and pet-friendly, the spacious (132sqm) immaculate 2 bedroom, 2 bathroom (both ...",1 Upper Portswood Road,132.0,3895000,2.0,2.0,2.0,Seeff Sea Point - Sales,29507.575757575756
1244,111212412,https://www.property24.com/for-sale/green-point/cape-town/western-cape/11017/111212412,Apartment,Green Point,This 24-hour security complex with its large communal pool and tranquil gardens is so ...,5 Wessels Road,82.0,2850000,2.0,1.5,1.0,Seeff Sea Point - Sales,34756.09756097561
1260,111306463,https://www.property24.com/for-sale/green-point/cape-town/western-cape/11017/111306463,Apartment,Green Point,"Sole mandate and priced to sell!!Located in the heart of Green Point, and within short ...",197 Main Road,54.0,2650000,1.0,1.0,2.0,"Just Property, Atlantic Seaboard",49074.07407407407
1321,111337748,https://www.property24.com/for-sale/green-point/cape-town/western-cape/11017/111337748,Apartment,Green Point,Price R4.750 Million (incl. VAT - no transfer duty)169 On Main offers a selection of 1 bedroom and 2 bedroom units which have been ...,,102.0,4750000,2.0,2.0,1.0,Dogon Group Sea Point - Head Office,46568.62745098039
1493,111362828,https://www.property24.com/for-sale/green-point/cape-town/western-cape/11017/111362828,Apartment,Green Point,Wonderfully positioned and close to all amenities within Greenpoint.Apartment offers an opportunity to renovate and live in excellent ...,,96.0,2895000,2.0,1.0,1.0,Tyson Properties Atlantic Seaboard,30156.25
1626,110701615,https://www.property24.com/for-sale/green-point/cape-town/western-cape/11017/110701615,Apartment,Green Point,A SUPERIOR INVESTMENT IN TRENDY GREEN POINTThis North-facing immaculate apartment with an open & bright outlook includes a large ...,,50.0,2495000,,1.0,1.0,Dogon Group Sea Point - Head Office,49900.0
1640,111357458,https://www.property24.com/for-sale/green-point/cape-town/western-cape/11017/111357458,Apartment,Green Point,"If you are looking for an investment opportunity on the Atlantic Seaboard, then look no further. This 4th Floor, 1 bedroom, 1 bathroom ...",,66.0,3599000,1.0,1.0,2.0,Firzt Realty Company,54530.30303030303
1673,111425141,https://www.property24.com/for-sale/green-point/cape-town/western-cape/11017/111425141,Apartment,Green Point,"In the heart of the ever so trending Green Point area, you will find a very upmarket apartment block/townhouse complex type development ...",,110.0,6499000,2.0,1.0,1.0,Law Real Estate,59081.818181818184
1675,111447263,https://www.property24.com/for-sale/green-point/cape-town/western-cape/11017/111447263,Apartment,Green Point,"In the heart of the ever so trending Green Point area, you will find a very upmarket apartment block/townhouse complex type development ...",,110.0,6499000,2.0,1.0,1.0,Law Real Estate,59081.818181818184
1715,111341040,https://www.property24.com/for-sale/green-point/cape-town/western-cape/11017/111341040,Apartment,Green Point,A Newly Renovated Airbnb Friendly Edwardian Apartment Exclusive MandateA profitable Airbnb rental property to buy. This ultra ...,,76.0,5595000,2.0,2.0,,Evolution Properties,73618.42105263157
1800,111348238,https://www.property24.com/for-sale/green-point/cape-town/western-cape/11017/111348238,Apartment,Green Point,"Come and see this north facing, sunny, corner apartment on the second floor. Situated walking distance to the Green Point Stadium ...",,95.0,2950000,2.0,1.0,2.0,RE/MAX Living,31052.63157894737
1867,111191794,https://www.property24.com/for-sale/green-point/cape-town/western-cape/11017/111191794,Apartment,Green Point,"*** Exclusive Mandate ***The moment you enter  this  apartment, you will be pleasantly ...",65 Main Road,113.0,4350000,2.0,1.0,2.0,,38495.57522123894
1872,111164529,https://www.property24.com/for-sale/green-point/cape-town/western-cape/11017/111164529,Apartment,Green Point,This apartment is perfectly situated in the vibrant Green Point and ideal for trendy ...,1 Upper Portswood Road,142.0,6200000,2.0,2.5,2.0,Lance Real Estate,43661.971830985916
1883,111377631,https://www.property24.com/for-sale/green-point/cape-town/western-cape/11017/111377631,Apartment,Green Point,This bright and sunny East facing studio apartment is situated in the hub of vibey Green ...,47 Cascades Vesperdene Road Green Point,41.0,1495000,0.5,1.0,,LM Property Group - Cape Town,36463.41463414634
1958,111425345,https://www.property24.com/for-sale/green-point/cape-town/western-cape/11017/111425345,Apartment,Green Point,"In the heart of the ever so trending Green Point area, you will find a very upmarket apartment block/townhouse complex type development ...",,110.0,4499000,2.0,1.0,1.0,Law Real Estate,40900.0
1962,111340472,https://www.property24.com/for-sale/green-point/cape-town/western-cape/11017/111340472,Apartment,Green Point,"This beautifully renovated North facing corner apartment offers you everything you need.Both bedrooms are large, light and bright and ...",,95.0,2950000,2.0,1.0,2.0,Live Real Estate,31052.63157894737
1975,111319907,https://www.property24.com/for-sale/green-point/cape-town/western-cape/11017/111319907,Apartment,Green Point,"Sole Mandate. This delightful, bright studio apartment is fully furnished and equipped. North facing, the studio enjoys an abundance of ...",,47.0,2550000,,1.0,1.0,Knight Frank,54255.31914893617
2009,111083406,https://www.property24.com/for-sale/green-point/cape-town/western-cape/11017/111083406,Apartment,Green Point,"With sweeping views of the mountain and ocean, this large 2 bedroom apartment is finally ...",11 Main Road,87.0,3399000,2.0,1.0,1.0,Law Real Estate,39068.96551724138
2031,111241693,https://www.property24.com/for-sale/green-point/cape-town/western-cape/11017/111241693,Apartment,Green Point,"Exclusive:Most sought afterSpacious Two Bedroom, modern developmentSpacious seamless flowBoth bedrooms en-suite ...",,128.0,5250000,2.0,2.0,2.0,RE/MAX Living,41015.625
2080,111093959,https://www.property24.com/for-sale/green-point/cape-town/western-cape/11017/111093959,Apartment,Green Point,INCREDIBLE SPACE WITH SEA & CITY VIEWSOffering the best of both worlds with ...,24 Ocean View Drive,180.0,8900000,2.0,2.0,2.0,Seeff Sea Point - Sales,49444.444444444445
2093,111399949,https://www.property24.com/for-sale/green-point/cape-town/western-cape/11017/111399949,Apartment,Green Point,Exclusive sole mandate?Completely renovated and refitted throughout by Okha interiors. This Studio is a superb example of elegantly ...,,41.0,2350000,0.5,1.0,1.0,RE/MAX Living,57317.07317073171
2152,111316089,https://www.property24.com/for-sale/green-point/cape-town/western-cape/11017/111316089,Apartment,Green Point,"Perfect opportunity to invest in a beautifully renovated 1 bedroom, 1 bathroom apartment. The unit is spacious and engulfed in natural ...",,56.0,2245000,1.0,1.0,1.0,Tyson Properties Atlantic Seaboard,40089.28571428572
2159,111362002,https://www.property24.com/for-sale/green-point/cape-town/western-cape/11017/111362002,Apartment,Green Point,"35 On Main has become one of Green Point's most sought after addresses. With 24hr manned security, exquisite finishes in the ...",,49.0,3300000,1.0,1.0,1.0,Sotheby's International Realty - Atlantic Seaboard & City Bowl,67346.9387755102
2343,110263597,https://www.property24.com/for-sale/green-point/cape-town/western-cape/11017/110263597,Apartment,Green Point,Investment opportunity as Tenants lease expires 31 December 2023!Lovely spacious  1 ...,87 Somerset Road,67.0,1850000,1.0,1.0,1.0,,27611.940298507463
2387,111325086,https://www.property24.com/for-sale/green-point/cape-town/western-cape/11017/111325086,Apartment,Green Point,This spacious two-bedroomed ground floor apartment conveniently settled between the prestigious Green Point and picturesque Sea Point ...,,114.0,3995000,2.0,2.0,1.0,Greeff Christie's International Real Estate - Head Office,35043.85964912281
2632,111204702,https://www.property24.com/for-sale/green-point/cape-town/western-cape/11017/111204702,Apartment,Green Point,"Welcome to Portswood Mews, a large studio in a newly renovated building in Green Point. Escape to a sun-filled top-floor corner unit ...",,55.0,1650000,0.5,1.0,1.0,Greeff Christie's International Real Estate - Head Office,30000.0
2638,106627714,https://www.property24.com/for-sale/green-point/cape-town/western-cape/11017/106627714,Apartment,Green Point,"EXCLUSIVE MANDATE - Offers from R4.4m+ invited. Front-facing, spacious, 2-bed, 2-bath apartment offering 2 bedrooms (both en-suite), 2 ...",,110.0,4400000,2.0,2.0,1.0,,40000.0
2651,111102492,https://www.property24.com/for-sale/green-point/cape-town/western-cape/11017/111102492,Apartment,Green Point,Exclusive MandateExperience the best that Green Point has on offer with this 1 ...,133 Main Road,51.0,1595000,1.0,1.0,1.0,Quay 1 International Realty,31274.50980392157
2662,110960304,https://www.property24.com/for-sale/green-point/cape-town/western-cape/11017/110960304,Apartment,Green Point,"From the moment you arrive, the splendor of the architectural designs will envelop your ...","3, 27 High Level Road",117.0,3900000,2.0,2.0,2.0,Keller Williams Dynamic,33333.333333333336
2666,111265834,https://www.property24.com/for-sale/green-point/cape-town/western-cape/11017/111265834,Apartment,Green Point,"From the moment you arrive, the splendor of the architectural designs will envelop your ...","3, 27 High Level Road",117.0,3900000,2.0,2.0,2.0,Keller Williams Dynamic,33333.333333333336
2710,111097495,https://www.property24.com/for-sale/green-point/cape-town/western-cape/11017/111097495,Apartment,Green Point,"Sunny, North-facing, fully renovated, modern studio apartment in trendy Green Point, on ...",20 Hill Rd,38.0,1660000,0.5,1.0,1.0,,43684.21052631579
2720,111129246,https://www.property24.com/for-sale/green-point/cape-town/western-cape/11017/111129246,Apartment,Green Point,A truly unmissable investment opportunity to own in the niche pocket of vibrant Green ...,153 High Level Road,97.0,2695000,2.0,1.0,,Quay 1 International Realty,27783.505154639177
2758,111003567,https://www.property24.com/for-sale/green-point/cape-town/western-cape/11017/111003567,Apartment,Green Point,This seller is VAT registered and the sales price includes VAT at 15%.As a result no ...,9 Scholtz Road,256.0,12750000,3.0,3.5,2.0,Nox Property,49804.6875
2798,111325821,https://www.property24.com/for-sale/green-point/cape-town/western-cape/11017/111325821,Apartment,Green Point,Ultra-modern with style and classthis 1 bed with a leafy outlook has  it all and  is waiting for you to move in.Within a complex ...,,44.0,1850000,1.0,1.0,1.0,RE/MAX Living,42045.454545454544
2806,111279407,https://www.property24.com/for-sale/green-point/cape-town/western-cape/11017/111279407,Apartment,Green Point,"Situated in one of Green Point's most sought-after and well-run blocks, this is a rare find that is guaranteed to bring you good ...",,77.0,2795000,2.0,1.0,1.0,Sotheby's International Realty - Atlantic Seaboard & City Bowl,36298.7012987013
2856,110995988,https://www.property24.com/for-sale/green-point/cape-town/western-cape/11017/110995988,Apartment,Green Point,"This truly one of a kind home has to be seen to be appreciated. Only the finest, top of ...",143 Main Road,180.0,7495000,3.0,3.0,2.0,Pam Golding Properties - Atlantic Seaboard,41638.88888888889
2863,111249883,https://www.property24.com/for-sale/green-point/cape-town/western-cape/11017/111249883,Apartment,Green Point,"With direct access from lock up garage and additional parking bay, this security complex offers exceptional finishes and every ...",,151.0,10000000,3.0,3.5,2.0,Seeff Sea Point - Sales,66225.16556291391
2893,111237623,https://www.property24.com/for-sale/green-point/cape-town/western-cape/11017/111237623,Apartment,Green Point,"Luxury living from this brand new, chic and stylish 2 bedroomed 2 bath roomed apartment. Open plan kitchen and living areas, leading ...",,104.0,4750000,2.0,2.0,1.0,Pam Golding Properties - Atlantic Seaboard,45673.07692307692
2957,111061652,https://www.property24.com/for-sale/green-point/cape-town/western-cape/11017/111061652,Apartment,Green Point,"Location, Location, LocationSituated on Main Road, right across from Green Point ...",133 Main Road,36.0,1490000,1.0,1.0,1.0,Rawson Properties Milnerton,41388.88888888889
2999,111009275,https://www.property24.com/for-sale/green-point/cape-town/western-cape/11017/111009275,Apartment,Green Point,"The developers pick, this modern one bedroom with oversized kitchen and dual terrace is ...",6 Romney Street,60.0,2950000,1.0,1.0,1.0,Realtor of Excellence,49166.666666666664
3035,111227747,https://www.property24.com/for-sale/green-point/cape-town/western-cape/11017/111227747,Apartment,Green Point,A Modern Luxury Living Two Bedroom ApartmentThis Modern Brick finished apartment is situated in  the sought-after neighbourhood ...,,61.0,2795000,2.0,2.0,1.0,Evolution Properties,45819.67213114754
3061,111159940,https://www.property24.com/for-sale/green-point/cape-town/western-cape/11017/111159940,Apartment,Green Point,"In the heart of Green Point this apartment is well positioned,  walking distance to the V&A Waterfront, Green Point Park and Sea ...",,95.0,2950000,2.0,1.0,,Keller Williams Explore Atlantic,31052.63157894737
3200,111252129,https://www.property24.com/for-sale/green-point/cape-town/western-cape/11017/111252129,Apartment,Green Point,"Centrally located within walking distance to the Urban Park and trendy coffee shops and restaurants. This apartment offers views,2 ...",,128.0,3895000,2.0,2.0,1.0,RE/MAX Living,30429.6875
3210,111246388,https://www.property24.com/for-sale/green-point/cape-town/western-cape/11017/111246388,Apartment,Green Point,Find yourself nestled in the middle of Green Point in this wonderful homely block. The apartment itself features a spacious loft ...,,51.0,1950000,1.0,1.0,1.0,Sotheby's International Realty - Atlantic Seaboard & City Bowl,38235.294117647056
3219,111268061,https://www.property24.com/for-sale/green-point/cape-town/western-cape/11017/111268061,Apartment,Green Point,Situated in a complex which offers a communal pool and braai area with an expansive outdoor entertainment area.Easy access to shop at ...,,128.0,4295000,2.0,2.0,2.0,RE/MAX Living,33554.6875
3222,111125121,https://www.property24.com/for-sale/green-point/cape-town/western-cape/11017/111125121,Apartment,Green Point,"This one of a kind, impeccable unit stages itself in a superb location within the Green ...",8 Upper Portswood Road,26.0,1495000,1.0,1.0,1.0,Quay 1 International Realty,57500.0
3248,111071733,https://www.property24.com/for-sale/green-point/cape-town/western-cape/11017/111071733,Apartment,Green Point,Amazing investment opportunity for the first- time buyer. Situated in lively sought ...,3 Vesperdene Road,42.0,2250000,0.5,1.0,1.0,Mayfair Property Group,53571.42857142857
3278,111219570,https://www.property24.com/for-sale/green-point/cape-town/western-cape/11017/111219570,Apartment,Green Point,"North East facing lock-up and go with plenty of natural light all day in the heart of Three Anchor Bay, this spacious one bedroom ...",,65.0,2185000,1.0,1.0,1.0,Tyson Properties Atlantic Seaboard,33615.38461538462
3288,111072671,https://www.property24.com/for-sale/green-point/cape-town/western-cape/11017/111072671,Apartment,Green Point,"Perfectly located, make this spacious 2-bedroom apartment your new home. This ...",8 Vesperdene Road,69.0,3250000,2.0,1.0,1.0,Mayfair Property Group,47101.44927536232
3298,109530819,https://www.property24.com/for-sale/green-point/cape-town/western-cape/11017/109530819,Apartment,Green Point,"Brand new building with high quality finishes, great views is sold fully furnished and ...",169 Main Road,78.0,4495000,1.0,1.0,1.0,LuxuryNites,57628.205128205125
3347,111232961,https://www.property24.com/for-sale/green-point/cape-town/western-cape/11017/111232961,Apartment,Green Point,This is a combination of old character with modern finishes. The apartment features the following:- 2 large bedrooms with plenty of ...,,102.0,4995000,2.0,1.0,1.5,Tyson Properties Atlantic Seaboard,48970.58823529412
3361,111253706,https://www.property24.com/for-sale/green-point/cape-town/western-cape/11017/111253706,Apartment,Green Point,This is a combination of old character with modern finishes. The apartment features the following:- 2 large bedrooms with plenty of ...,,102.0,4995000,2.0,1.0,1.5,Tyson Properties Atlantic Seaboard,48970.58823529412
3435,111054652,https://www.property24.com/for-sale/green-point/cape-town/western-cape/11017/111054652,Apartment,Green Point,This charming 2 bed 1 bath garden apartment is situated in a small character block which ...,32 High Level Road,93.0,3200000,2.0,1.0,1.0,RE/MAX Living,34408.602150537634
3441,110959687,https://www.property24.com/for-sale/green-point/cape-town/western-cape/11017/110959687,Apartment,Green Point,"Simply stunning unit offering two bedrooms, two bathrooms Open balcony, stylish ...",37 Main Road,88.0,4495000,2.0,2.0,1.0,Pam Golding Properties - Atlantic Seaboard,51079.545454545456
3469,111130590,https://www.property24.com/for-sale/green-point/cape-town/western-cape/11017/111130590,Apartment,Green Point,This sunny and light apartment is situated in the very popular Thorniebrae complex in the heart of Green Point and minutes away from ...,,91.0,2995000,2.0,1.5,1.0,Seeff Sea Point - Sales,32912.08791208791
3487,110988078,https://www.property24.com/for-sale/green-point/cape-town/western-cape/11017/110988078,Apartment,Green Point,"2 Bedroomed apartment in Green Point. The main bedroom is large, with an en-suite. The second bedroom is ideal to use as a study and ...",,61.0,2895000,2.0,2.0,1.0,The Cape Town Real Estate Company,47459.016393442624
3543,108823674,https://www.property24.com/for-sale/green-point/cape-town/western-cape/11017/108823674,Apartment,Green Point,"If you seeking to own a contemporary, very well designed one bed roomed apartment, this is it! The flow makes the apartment feel ...",,64.0,3350000,1.0,1.0,1.0,Sotheby's International Realty - Atlantic Seaboard & City Bowl,52343.75
3700,109077074,https://www.property24.com/for-sale/green-point/cape-town/western-cape/11017/109077074,Apartment,Green Point,"Overlooking the fan walk, the Cape Town stadium and out to sea and beyond.This completely refurbished, front facing apartment is now ...",,95.0,3445000,2.0,1.0,2.0,Sotheby's International Realty - Atlantic Seaboard & City Bowl,36263.15789473684
3711,111177134,https://www.property24.com/for-sale/green-point/cape-town/western-cape/11017/111177134,Apartment,Green Point,"Overlooking the fan walk, the Cape Town stadium and out to sea and beyond.This completely refurbished, front facing apartment is now ...",,95.0,3445000,2.0,1.0,2.0,Sotheby's International Realty - Atlantic Seaboard & City Bowl,36263.15789473684
3733,111071077,https://www.property24.com/for-sale/green-point/cape-town/western-cape/11017/111071077,Apartment,Green Point,"*SOLE MANDATE*The Pied a Terre is conveniently situated in the trendy suburb of Green Point, on the Atlantic Seaboard which is one of ...",,86.0,4490000,2.0,2.0,1.0,,52209.3023255814
3809,111162168,https://www.property24.com/for-sale/green-point/cape-town/western-cape/11017/111162168,Apartment,Green Point,"Sole mandate. Located on the eight floor, this 82 sqm apartment offers beautiful views towards the V&A Waterfront, ocean and ...",,82.0,3395000,2.0,1.0,1.0,Knight Frank,41402.439024390245
3828,111220241,https://www.property24.com/for-sale/green-point/cape-town/western-cape/11017/111220241,Apartment,Green Point,Live in this spacious one-bedroom loft apartment.Perfectly located in Green Point and a stone throw away from the V&A ...,,50.0,1900000,1.0,1.0,1.0,Celsa Properties,38000.0
3836,111185909,https://www.property24.com/for-sale/green-point/cape-town/western-cape/11017/111185909,Apartment,Green Point,"This is an amazing investment opportunity located in the popular suburb ""Green Point"". An Art Deco apartment full of ...",,90.0,2649999,2.0,1.0,1.0,Tyson Properties Atlantic Seaboard,29444.433333333334
3877,111222027,https://www.property24.com/for-sale/green-point/cape-town/western-cape/11017/111222027,Apartment,Green Point,Sole mandate - be quick to secure this very spacious green point apartment with ...,43 High Level Rd,127.0,3250000,2.0,1.5,3.0,Fine & Country - Associates,25590.55118110236
3912,110883331,https://www.property24.com/for-sale/green-point/cape-town/western-cape/11017/110883331,Apartment,Green Point,"No transfer duty (Vat Inclusive)Located in a sought-after pocket of Green Point, this penthouse offers immaculate high-end finishes ...",,176.0,8195000,2.0,2.5,2.0,Property Alliance,46562.5
3930,111146751,https://www.property24.com/for-sale/green-point/cape-town/western-cape/11017/111146751,Apartment,Green Point,Wrap yourself up in grandiose surroundings in this superb 2 bedroom apartment in the heart of trendy Green Point.Far reaching views ...,,110.0,5995000,2.0,2.0,1.0,Rawson Properties Claremont,54500.0
3968,108993842,https://www.property24.com/for-sale/green-point/cape-town/western-cape/11017/108993842,Apartment,Green Point,This well-appointed 1 bedroom apartment is one of a few sought-after oversized corner units located in the prestigious Cape Royale and ...,,62.0,2995000,1.0,1.0,1.0,Dogon Group Sea Point - Head Office,48306.45161290323
4054,111140633,https://www.property24.com/for-sale/green-point/cape-town/western-cape/11017/111140633,Apartment,Green Point,This lovely quaint one bedroomed apartment is nestled in the sought-after area of Green Point offering you safe and secure living. ...,,66.0,2150000,1.0,1.0,1.0,Keller Williams Explore Atlantic,32575.757575757576
4061,110603826,https://www.property24.com/for-sale/green-point/cape-town/western-cape/11017/110603826,Apartment,Green Point,Exclusive Mandate – Tastefully renovated in a sought-after complex. Move right in to ...,8 Vesperdene Road,68.0,2800000,2.0,2.0,1.0,Pam Golding Properties - Waterfront,41176.470588235294
4065,110999976,https://www.property24.com/for-sale/green-point/cape-town/western-cape/11017/110999976,Apartment,Green Point,Green Point Village - Character Apartment including a Secure Under-cover Parking Bay. Perfect Location - Perfect Apartment and great ...,,77.0,2450000,2.0,1.0,1.0,RE/MAX Living,31818.18181818182
4075,111131209,https://www.property24.com/for-sale/green-point/cape-town/western-cape/11017/111131209,Apartment,Green Point,"ORIGINAL ART DECO BLOCKThis spacious 90 sqm two bedroom, one bathroom apartment with ...",39 High Level Road,90.0,2790000,2.0,1.0,1.0,,31000.0
4156,110369827,https://www.property24.com/for-sale/green-point/cape-town/western-cape/11017/110369827,Apartment,Green Point,"Signatura’s new Green Point development is located at the end of Romney Street, a quiet ...",6 Romney Street,57.0,2700000,1.0,1.0,1.0,Realtor of Excellence,47368.42105263158
4214,110479688,https://www.property24.com/for-sale/green-point/cape-town/western-cape/11017/110479688,Apartment,Green Point,Exclusive Mandate – Beautifully renovated studio in the heart of Green Point. Renovated ...,12 Upper Portswood Road,36.0,1650000,,1.0,1.0,Pam Golding Properties - Waterfront,45833.333333333336
4215,111167166,https://www.property24.com/for-sale/green-point/cape-town/western-cape/11017/111167166,Apartment,Green Point,"Located in the heart of the Green Point 'Silver Mile'.2 bedroom, 2 bathroom apartment.Internal 71m2, balcony 15 m2, total ...",,86.0,5330000,2.0,2.0,2.0,RE/MAX Living,61976.74418604651
4241,111208151,https://www.property24.com/for-sale/green-point/cape-town/western-cape/11017/111208151,Apartment,Green Point,"The Portswood (AIRB'N'B FRIENDLY)The original house on this piece of land proudly carried the name ""Portswood' for ...",,40.0,2300000,1.0,1.0,1.0,Sotheby's International Realty - Atlantic Seaboard & City Bowl,57500.0
4255,111254598,https://www.property24.com/for-sale/green-point/cape-town/western-cape/11017/111254598,Apartment,Green Point,"The Portswood (AIRB'N'B FRIENDLY)The original house on this piece of land proudly carried the name ""Portswood' for ...",,40.0,2300000,1.0,1.0,1.0,Sotheby's International Realty - Atlantic Seaboard & City Bowl,57500.0
4259,111157046,https://www.property24.com/for-sale/green-point/cape-town/western-cape/11017/111157046,Apartment,Green Point,Located a stone's throw away from the promenade this spacious 2 bedroom apartment has a lot to offer.Apartment Features:2 ...,,88.0,2650000,2.0,1.0,1.0,Tyson Properties Atlantic Seaboard,30113.636363636364
4303,111134300,https://www.property24.com/for-sale/green-point/cape-town/western-cape/11017/111134300,Apartment,Green Point,A perfect investment opportunity with tenants already in place.  This lifestyle property is in a fabulous location within walking ...,,77.0,2199000,2.0,1.0,1.0,Propnet South Africa,28558.44155844156
4337,111104387,https://www.property24.com/for-sale/green-point/cape-town/western-cape/11017/111104387,Apartment,Green Point,We are delighted to offer for sale this light and airy two bedroom apartment with vacant possession in a prime Three Anchor Bay ...,,76.0,2700000,2.0,1.0,1.0,Tyson Properties Atlantic Seaboard,35526.31578947369
4343,111356514,https://www.property24.com/for-sale/green-point/cape-town/western-cape/11017/111356514,Apartment,Green Point,"Modern, north facing townhouse with sea views.Ultra-modern, minimalistic townhouse. North facing with stunning sea views. A ...",,321.0,12500000,3.0,3.5,2.0,RE/MAX Living,38940.80996884735
4357,110770234,https://www.property24.com/for-sale/green-point/cape-town/western-cape/11017/110770234,Apartment,Green Point,Located on High Level Road this is a gem of an apartment!The newly renovated apartment ...,37 High Level,96.0,3690000,2.0,2.0,1.0,Tyson Properties Atlantic Seaboard,38437.5
4358,111161189,https://www.property24.com/for-sale/green-point/cape-town/western-cape/11017/111161189,Apartment,Green Point,"Located in the heart of the Green Point 'Silver Mile'.2 bedroom, 2 bathroom apartment.Internal 71m2, blacony 31 m2, total ...",,102.0,4750000,2.0,2.0,1.0,RE/MAX Living,46568.62745098039
4359,111161020,https://www.property24.com/for-sale/green-point/cape-town/western-cape/11017/111161020,Apartment,Green Point,"Located in the heart of the Green Point 'Silver Mile'.2 bedroom, 2 bathroom apartment.Internal 72m2, blacony 9 m2, total ...",,81.0,4995000,2.0,2.0,2.0,RE/MAX Living,61666.666666666664
4362,111081667,https://www.property24.com/for-sale/green-point/cape-town/western-cape/11017/111081667,Apartment,Green Point,"Modern, north facing townhouse with sea views.Ultra-modern, minimalistic townhouse. North facing with stunning sea views. A ...",,321.0,12500000,3.0,3.5,2.0,RE/MAX Living,38940.80996884735
4408,108254980,https://www.property24.com/for-sale/green-point/cape-town/western-cape/11017/108254980,Apartment,Green Point,[Video-tour available]A hidden gem located on the highly converted Ocean View Drive. ...,1 Ocean View Drive,78.0,4650000,2.0,2.0,,Currin Property Group,59615.38461538462
4419,110904145,https://www.property24.com/for-sale/green-point/cape-town/western-cape/11017/110904145,Apartment,Green Point,"Hotel style-living. Beautiful apartment with sea views consists of 2 bedrooms, 2 ...",45 Main Road,105.0,6950000,2.0,2.0,1.0,Currin Property Group,66190.47619047618
4423,110952562,https://www.property24.com/for-sale/green-point/cape-town/western-cape/11017/110952562,Apartment,Green Point,A home is a special place on earth that belongs to you...Why not have this charming ...,3 Kort,79.0,2999999,2.0,1.0,1.0,RE/MAX Living,37974.670886075946
4453,110005879,https://www.property24.com/for-sale/green-point/cape-town/western-cape/11017/110005879,Apartment,Green Point,"As one of Green Points flagship developments, Green Point One 77 stands out from the crowd, high end finishes and big open balcony ...",,120.0,4495000,2.0,2.0,2.0,Sotheby's International Realty - Atlantic Seaboard & City Bowl,37458.333333333336
4476,111102511,https://www.property24.com/for-sale/green-point/cape-town/western-cape/11017/111102511,Apartment,Green Point,Exclusive Mandate | Asking: R1 895 000We are proud to present yet another one of Cape Town’s great investment gems. This apartment ...,,59.0,1895000,1.0,1.0,2.0,Quay 1 International Realty,32118.64406779661
4519,108472030,https://www.property24.com/for-sale/green-point/cape-town/western-cape/11017/108472030,Apartment,Green Point,Beautiful and modern apartment located in Green Point with great city and ocean views.The apartment comprises 3 en-suite bedrooms ...,,194.0,11950000,3.0,3.5,2.0,Lance Real Estate,61597.9381443299
4536,111208995,https://www.property24.com/for-sale/green-point/cape-town/western-cape/11017/111208995,Apartment,Green Point,Exclusive Mandate – High up on the 7th floor with sensational views from every room ...,87 Somerset Road,67.0,2595000,1.0,1.0,1.0,Pam Golding Properties - Waterfront,38731.34328358209
4539,111208172,https://www.property24.com/for-sale/green-point/cape-town/western-cape/11017/111208172,Apartment,Green Point,"The Portswood (AIRB'N'B FRIENDLY)The original house on this piece of land proudly carried the name ""Portswood' for ...",,82.0,3850000,2.0,1.0,1.0,Sotheby's International Realty - Atlantic Seaboard & City Bowl,46951.21951219512
4544,111054412,https://www.property24.com/for-sale/green-point/cape-town/western-cape/11017/111054412,Apartment,Green Point,"Spacious, three bedroom apartment with a large private garden and entertainment areas, offering all the benefits of a free standing ...",,232.0,9450000,3.0,2.0,3.0,Tyson Properties Atlantic Seaboard,40732.75862068965
4552,110188686,https://www.property24.com/for-sale/green-point/cape-town/western-cape/11017/110188686,Apartment,Green Point,Exclusive Mandate – High up on the 7th floor with sensational views from every room ...,87 Somerset Road,67.0,2595000,1.0,1.0,1.0,Pam Golding Properties - Waterfront,38731.34328358209
4554,111081266,https://www.property24.com/for-sale/green-point/cape-town/western-cape/11017/111081266,Apartment,Green Point,"This magnificent unit is a blend of exposed concrete and top class finishes direct access from double garage,excellent flow from open ...",,254.0,12500000,3.0,3.0,2.0,Pam Golding Properties - Atlantic Seaboard,49212.59842519685
4657,111068110,https://www.property24.com/for-sale/green-point/cape-town/western-cape/11017/111068110,Apartment,Green Point,"SOLE MANDATE Ultra modern spacious one bedroom, one bathroom apartment. Currently on the airbnb market making + – R 30 000.00 per ...",,60.0,3295000,1.0,1.0,1.0,Stonehurst Properties,54916.666666666664
4701,110587757,https://www.property24.com/for-sale/green-point/cape-town/western-cape/11017/110587757,Apartment,Green Point,This gorgeous one bedroomed apartment is situated in a block most centrally located in the heart of Green Point . Walk to the stadium ...,,67.0,1980000,1.0,1.0,1.0,Jawitz Atlantic Seaboard,29552.238805970148
4774,101107355,https://www.property24.com/for-sale/green-point/cape-town/western-cape/11017/101107355,Apartment,Green Point,• Renovated studio in the heart of Green Point• 24 Hour security and reception• Private courtyard garden for your exclusive use• ...,,50.0,2610000,,1.0,1.0,Soukop Property Group - Sea Point,52200.0
4781,111427083,https://www.property24.com/for-sale/green-point/cape-town/western-cape/11017/111427083,Apartment,Green Point,• Renovated studio in the heart of Green Point• 24 Hour security and reception• Private courtyard garden for your exclusive use• ...,,50.0,2610000,,1.0,1.0,Soukop Property Group - Sea Point,52200.0
4846,110801555,https://www.property24.com/for-sale/green-point/cape-town/western-cape/11017/110801555,Apartment,Green Point,"Located in a tranquil and secure art deco block, this updated, front facing and well maintained 1 bedroom apartment has so much to ...",,78.0,2300000,1.0,1.0,,Rawson Properties Atlantic,29487.17948717949
4864,110886195,https://www.property24.com/for-sale/green-point/cape-town/western-cape/11017/110886195,Apartment,Green Point,This modern apartment is situated in a small boutique complex of only three units. With generous open plan living areas flowing onto a ...,,190.0,9500000,3.0,4.0,1.0,Keller Williams Explore Atlantic,50000.0
4912,111046284,https://www.property24.com/for-sale/green-point/cape-town/western-cape/11017/111046284,Apartment,Green Point,"This penthouse apartment is set out over two floors, offering a stunning open plan living feel with clean lines and modern ...",,133.0,6995000,3.0,2.5,1.0,Complete Coast Properties,52593.984962406015
4920,111015966,https://www.property24.com/for-sale/green-point/cape-town/western-cape/11017/111015966,Apartment,Green Point,"Fully furnished, one bedroom apartment in Cape Royale, for sale. The apartment offers one bedroom with an en-suite bathroom (with ...",,61.0,2750000,1.0,1.0,1.0,,45081.96721311475
4984,110462312,https://www.property24.com/for-sale/green-point/cape-town/western-cape/11017/110462312,Apartment,Green Point,Exclusive MandateNow is your chance to own a piece of real estate in the heart of ...,53 Main Road,145.0,3895000,3.0,1.0,1.0,Quay 1 International Realty,26862.068965517243
5019,110612283,https://www.property24.com/for-sale/green-point/cape-town/western-cape/11017/110612283,Apartment,Green Point,"Industrial Chic Apartment, Ultra Lavish and Retro Stylish.(This place has the best ...",15 Bennett St,95.0,3800000,2.0,2.0,2.0,,40000.0
5058,111078622,https://www.property24.com/for-sale/green-point/cape-town/western-cape/11017/111078622,Apartment,Green Point,"// Exclusive Sole Mandate //Immaculate one-bedroom apartment in the heart of vibey Green Point, just a stone throw away from the ...",,68.0,2900000,1.0,1.0,1.0,Evolution Properties,42647.05882352941
5065,110468283,https://www.property24.com/for-sale/green-point/cape-town/western-cape/11017/110468283,Apartment,Green Point,"Located in the heart of Green Point, this home boasts investment opportunity and is one ...",86 Joubert Road,60.0,2295000,1.0,1.0,,Quay 1 International Realty,38250.0
5147,110953191,https://www.property24.com/for-sale/green-point/cape-town/western-cape/11017/110953191,Apartment,Green Point,The location of this two-bedroomed apartment is exceptional. Offering breathtaking views over Greenpoint to the sparkling panorama of ...,,291.0,12950000,2.0,3.0,,Engel & Volkers Camps Bay,44501.71821305842
5157,109926129,https://www.property24.com/for-sale/green-point/cape-town/western-cape/11017/109926129,Apartment,Green Point,"Situated in a centrally located block in Green Point, this modern apartment consists of ...",101 Main Road,63.0,2200000,2.0,1.0,,RE/MAX Living,34920.63492063492
5161,110777349,https://www.property24.com/for-sale/green-point/cape-town/western-cape/11017/110777349,Apartment,Green Point,Sole mandate with video walk through.KEY FACTS - Airbnb friendly24 security and full concierge serviceRooftop poolTwo ...,,119.0,4490000,2.0,2.0,2.0,Hardie Property,37731.09243697479
5204,109011566,https://www.property24.com/for-sale/green-point/cape-town/western-cape/11017/109011566,Apartment,Green Point,View by Appointment. The absolute perfect lock up and go Cape Town pad. Bordering the ...,48 Main Road,125.0,4795000,2.0,2.0,2.0,Live Real Estate,38360.0
5269,109375674,https://www.property24.com/for-sale/green-point/cape-town/western-cape/11017/109375674,Apartment,Green Point,"Top floor apartment.Corner unit with pleasant views of the ocean over Waterfront and Mountain views.2 double bedrooms, bathroom ...",,82.0,3195000,2.0,1.0,1.0,Engel & Volkers Camps Bay,38963.41463414634
5310,110953581,https://www.property24.com/for-sale/green-point/cape-town/western-cape/11017/110953581,Apartment,Green Point,"This luxurious apartment situated on the second floor, offers a spacious interior and a breath-taking ocean view from the private ...",,102.0,5400000,2.0,2.0,2.0,Amazing Spaces Lifestyle Investments,52941.17647058824
5375,109726591,https://www.property24.com/for-sale/green-point/cape-town/western-cape/11017/109726591,Apartment,Green Point,"Perfect for sundowners with a sea view and balcony braais, open plan living area folding ...",32 Chepstow Road,101.0,4495000,2.0,2.0,2.0,The Agency Property Group,44504.9504950495
5382,111064240,https://www.property24.com/for-sale/green-point/cape-town/western-cape/11017/111064240,Apartment,Green Point,JOINT MANDATE - This modern and sophisticated unit offers 2 en-suite spacious bedrooms. The dining and lounge area offers an open plan ...,,95.0,5350000,2.0,,2.0,TPF Waterfront Property,56315.78947368421
5384,110953450,https://www.property24.com/for-sale/green-point/cape-town/western-cape/11017/110953450,Apartment,Green Point,"This  luxurious apartment situated on the third floor, offers a spacious interior and a breath-taking ocean view from the private ...",,103.0,5700000,2.0,2.0,2.0,Amazing Spaces Lifestyle Investments,55339.80582524272
5478,109796874,https://www.property24.com/for-sale/green-point/cape-town/western-cape/11017/109796874,Apartment,Green Point,Situated in the heart of Green Point. This magnificent appointed apartment features a modern kitchen fitted with top of the range ...,,56.0,2850000,1.0,1.0,1.0,Sotheby's International Realty - Atlantic Seaboard & City Bowl,50892.857142857145
5496,109470068,https://www.property24.com/for-sale/green-point/cape-town/western-cape/11017/109470068,Apartment,Green Point,"This 2 bedroom apartment provides generous storage, 2 bathrooms and a living and dining space that flows perfectly.This north-facing ...",,75.0,3250000,2.0,2.0,1.0,Seeff Sea Point - Sales,43333.333333333336
5549,109385988,https://www.property24.com/for-sale/green-point/cape-town/western-cape/11017/109385988,Apartment,Green Point,"A penthouse with distinction boasting exceptional 180-degree views over the entire Table Bay, including views from Green Point Park ...",,332.0,12995000,3.0,3.0,2.0,Chas Everitt Atlantic Seaboard and City Bowl,39141.56626506024
5580,110990512,https://www.property24.com/for-sale/green-point/cape-town/western-cape/11017/110990512,Apartment,Green Point,"Sole Mandate - Exclusive to Sotheby'sFantastically priced bachelor apartment, East facing on the 5th floor.This block does ...",,42.0,1500000,0.5,1.0,1.0,Sotheby's International Realty - Atlantic Seaboard & City Bowl,35714.28571428572
5621,110949577,https://www.property24.com/for-sale/green-point/cape-town/western-cape/11017/110949577,Apartment,Green Point,"Private sale. Priced to go immediately at R 26.635Very large, spacious and light ...",49 High Level Road,107.0,2895000,2.0,1.5,1.0,,27056.07476635514
5697,111110112,https://www.property24.com/for-sale/green-point/cape-town/western-cape/11017/111110112,Apartment,Green Point,"Brand new apartment. Directly opposite the popular Greenpoint Park.Beautiful finishes, double glazing, Smeg built in ...",,47.0,2850000,1.0,1.0,1.0,Chris Bernard Properties Atlantic Seaboard,60638.29787234042
5738,110939282,https://www.property24.com/for-sale/green-point/cape-town/western-cape/11017/110939282,Apartment,Green Point,"This newly built luxurious apartment Situated on the first floor, offers a spacious interior and amazing views of the ocean from the ...",,101.0,5300000,2.0,2.0,3.0,Amazing Spaces Lifestyle Investments,52475.24752475248
5750,110870058,https://www.property24.com/for-sale/green-point/cape-town/western-cape/11017/110870058,Apartment,Green Point,"Priced to sell! View by Appointment. This north facing corner apartment, 2 bedroom, 2 ...",23 Cavalcade,92.0,4450000,2.0,2.0,2.0,Live Real Estate,48369.565217391304
5766,110622610,https://www.property24.com/for-sale/green-point/cape-town/western-cape/11017/110622610,Apartment,Green Point,Sole MandateTaronga Mansions is a conveniently located apartment block in the heart ...,135 Main Road,128.0,3895000,2.0,2.0,2.0,Icon Properties,30429.6875
5798,110502559,https://www.property24.com/for-sale/green-point/cape-town/western-cape/11017/110502559,Apartment,Green Point,This 34 sqm Studio apartment is situated in the heart of Vibrant Green Point. ...,73 Somerset Road,34.0,1300000,0.5,1.0,1.0,,38235.294117647056
5981,110938333,https://www.property24.com/for-sale/green-point/cape-town/western-cape/11017/110938333,Apartment,Green Point,"This wonderful 2 bedroom apartment is located in Romney Park, a historical 5-star hotel in the heart of Green Point. Offered fully ...",,105.0,6595000,2.0,2.0,2.0,Property Alliance,62809.52380952381
6099,107158227,https://www.property24.com/for-sale/green-point/cape-town/western-cape/11017/107158227,Apartment,Green Point,"One of only 2 units, this home boasts space, privacy and views. Direct access from the ...",8 Chepstow Road,312.0,7495000,3.0,2.0,2.0,Pam Golding Properties - Atlantic Seaboard,24022.4358974359
6108,110824177,https://www.property24.com/for-sale/green-point/cape-town/western-cape/11017/110824177,Apartment,Green Point,"Spacious 2 bed, 2 bath apartment in the heart of Green Point. Master bedroom and lounge both open up onto large balcony.Highly secure ...",,127.0,3950000,2.0,2.0,2.0,,31102.36220472441
6144,110952853,https://www.property24.com/for-sale/green-point/cape-town/western-cape/11017/110952853,Apartment,Green Point,"Sunny, spacious 3 bedroom apartment on top floor of a small block, across the road from Reddam school in Green Point and with great ...",,107.0,3695000,3.0,1.0,1.0,Evolution Properties,34532.71028037383
6160,108976680,https://www.property24.com/for-sale/green-point/cape-town/western-cape/11017/108976680,Apartment,Green Point,"Finally, an apartment that has it all!Two bedrooms, two bathrooms, two parking bays and ...",27 High Level Road,117.0,3995000,2.0,2.0,2.0,Dogon Group Sea Point - Head Office,34145.29914529915
6193,108805361,https://www.property24.com/for-sale/green-point/cape-town/western-cape/11017/108805361,Apartment,Green Point,"This modern apartment is located in central Green Point, close to all local amenities and within easy reach of beaches and the city ...",,83.0,3495000,2.0,2.0,1.0,Engel & Volkers Camps Bay,42108.43373493976
6209,109876064,https://www.property24.com/for-sale/green-point/cape-town/western-cape/11017/109876064,Apartment,Green Point,This great apartment situated in a fabulous new block is a perfect home/investment ...,8 Romney Road,67.0,2750000,1.0,1.0,1.0,Live Real Estate,41044.77611940299
6277,109657539,https://www.property24.com/for-sale/green-point/cape-town/western-cape/11017/109657539,Apartment,Green Point,"VAT inclusive - No Transfer duty payable.Furnished, renovated, spacious 2-bedroom, 2-bathroom apartment with built in cupboards. The ...",,95.0,4450000,2.0,2.0,1.0,Engel & Volkers Camps Bay,46842.10526315789
6303,110793848,https://www.property24.com/for-sale/green-point/cape-town/western-cape/11017/110793848,Apartment,Green Point,"Situated on the top floor of a great block, this 2 bedroom front facing unit has amazing potential and fantastic views of the Green ...",,90.0,2995000,2.0,2.0,1.0,Tyson Properties Atlantic Seaboard,33277.77777777778
6414,110843840,https://www.property24.com/for-sale/green-point/cape-town/western-cape/11017/110843840,Apartment,Green Point,"This beautiful 2 bedroom, 2 bathroom DOUBLE STORY apartment with rooftop entertainment deck is now available. Situated in prime ...",,63.0,4995000,2.0,2.0,1.0,Live Real Estate,79285.71428571429
6530,110874333,https://www.property24.com/for-sale/green-point/cape-town/western-cape/11017/110874333,Apartment,Green Point,"Set in upper Green Point this top floor, 2 bedroom, 2 bathroom (M.E.S) apartment is well worth checking out. Open plan kitchen and ...",,97.0,3200000,2.0,2.0,1.0,RE/MAX Living,32989.69072164949
6563,110621875,https://www.property24.com/for-sale/green-point/cape-town/western-cape/11017/110621875,Apartment,Green Point,"Three Bedroom first floor apartment.Two bedrooms with built-in cupboards, the third ...",65 Main Road,113.0,3495000,3.0,1.0,1.0,,30929.203539823007
6579,110587146,https://www.property24.com/for-sale/green-point/cape-town/western-cape/11017/110587146,Apartment,Green Point,This spacious 3 bedroom apartment is located in a safe block with 24/7 security. All bedroom are fitted with built-in cupboards. Each ...,,106.0,2950000,3.0,1.0,1.0,Rawson Properties Atlantic,27830.188679245282
6601,110634730,https://www.property24.com/for-sale/green-point/cape-town/western-cape/11017/110634730,Apartment,Green Point,This wonderful apartment has magnificent views of the Atlantic Ocean and is a ...,153 High Level Road,75.0,1995000,1.0,1.0,,Robshaw Property Group,26600.0
6612,110544810,https://www.property24.com/for-sale/green-point/cape-town/western-cape/11017/110544810,Apartment,Green Point,"Neatly maintained block, friendly entrance and great double gated security with intercom ...","1 Ventnor,213 Main Rd, Three Anchor Bay 2 Ventnor House",113.0,3995000,2.0,2.0,1.0,,35353.982300884956
6623,110606799,https://www.property24.com/for-sale/green-point/cape-town/western-cape/11017/110606799,Apartment,Green Point,This stunning 3 storey loft in sought after Victoria Junction is one of the largest units in the complex. This modern industrial style ...,,212.0,5495000,3.0,2.0,1.0,"RE/MAX, Property Associates - Table View",25919.811320754718
6624,111311682,https://www.property24.com/for-sale/green-point/cape-town/western-cape/11017/111311682,Apartment,Green Point,Exclusive listing. Excited to have this gorgeous apartment in the popular Portside in ...,1 Upper Portswood Road,132.0,4250000,2.0,2.0,2.0,Live Real Estate,32196.969696969696
6631,110662086,https://www.property24.com/for-sale/green-point/cape-town/western-cape/11017/110662086,Apartment,Green Point,Exclusive listing. Excited to have this gorgeous apartment in the popular Portside in ...,1 Upper Portswood Road,132.0,4250000,2.0,2.0,2.0,Live Real Estate,32196.969696969696
6643,110259425,https://www.property24.com/for-sale/green-point/cape-town/western-cape/11017/110259425,Apartment,Green Point,"Absolutely breathtaking unit in the ever-so-popular Green Point, in the one and only ...","Ss Cape Royale, 45 Main Road",71.0,2795000,1.0,1.0,1.0,Quay 1 International Realty,39366.19718309859
6703,109937274,https://www.property24.com/for-sale/green-point/cape-town/western-cape/11017/109937274,Apartment,Green Point,This top floor corner apartment has been stylishly designed with the perfect modern mix of exposed brick work and sleek finishes.A ...,,114.0,3995000,2.0,2.0,1.0,Dogon Group Sea Point - Head Office,35043.85964912281
6745,109621532,https://www.property24.com/for-sale/green-point/cape-town/western-cape/11017/109621532,Apartment,Green Point,Price: R 4.995 Million (incl. VAT - no transfer duty)169 On Main offers a selection of 1 bedroom and 2 bedroom units which have been ...,,81.0,4995000,2.0,2.0,2.0,Dogon Group Sea Point - Head Office,61666.666666666664
6754,110659547,https://www.property24.com/for-sale/green-point/cape-town/western-cape/11017/110659547,Apartment,Green Point,"Find yourself on top of the world in Green Point's Flagship development, the Odyssey in one of 2 Penthouse apartments.With ...",,80.0,4950000,2.0,2.0,1.0,Sotheby's International Realty - Atlantic Seaboard & City Bowl,61875.0
6764,110564715,https://www.property24.com/for-sale/green-point/cape-town/western-cape/11017/110564715,Apartment,Green Point,"Located on Main Rd with surprisingly no disturbing noise levels. On My City bus route, across the road from Urban Park. Great ...",,77.0,2300000,1.0,1.0,,,29870.12987012987
6794,110536372,https://www.property24.com/for-sale/green-point/cape-town/western-cape/11017/110536372,Apartment,Green Point,Located in the very cosmopolitan suburb of Green point. This apartment  has idyllic views from the East to the West.Property features ...,,129.0,4700000,2.0,2.0,3.0,Tyson Properties Atlantic Seaboard,36434.108527131786
6851,110953965,https://www.property24.com/for-sale/green-point/cape-town/western-cape/11017/110953965,Apartment,Green Point,"This luxurious apartment situated on the ground floor, offers a spacious interior, and private garden. This gem features 102sqm of ...",,102.0,5700000,2.0,2.0,2.0,Amazing Spaces Lifestyle Investments,55882.35294117647
6864,110259972,https://www.property24.com/for-sale/green-point/cape-town/western-cape/11017/110259972,Apartment,Green Point,"This large stunning two bedroom apartment set in the heart of Three Anchor Bay, with amazing  360* views of the mountain and the ...",,105.0,2995000,2.0,1.0,1.0,Sotheby's International Realty - Atlantic Seaboard & City Bowl,28523.809523809523
6866,110547262,https://www.property24.com/for-sale/green-point/cape-town/western-cape/11017/110547262,Apartment,Green Point,This is your opportunity for you to acquire your forever home in the ever so popular ...,129 High Level Road,79.0,1950000,2.0,1.0,1.0,Quay 1 International Realty,24683.54430379747
6903,110457582,https://www.property24.com/for-sale/green-point/cape-town/western-cape/11017/110457582,Apartment,Green Point,"Own your slice of paradise in this bespoke residential hotel in the heart of Green Point. With concierge, tended bar, immaculate ...",,103.0,6900000,2.0,2.0,2.0,Sotheby's International Realty - Atlantic Seaboard & City Bowl,66990.29126213593
6906,110259437,https://www.property24.com/for-sale/green-point/cape-town/western-cape/11017/110259437,Apartment,Green Point,Sole Agreement.This spectacular unit finds itself nestled in one of the hottest ...,"Ss Villa Palmar, 9 Upper Portswood Road",63.0,2000000,1.0,1.0,,Quay 1 International Realty,31746.031746031746
6922,110600687,https://www.property24.com/for-sale/green-point/cape-town/western-cape/11017/110600687,Apartment,Green Point,This stunning Loft in Victoria Junction has a beautiful lounge and dining area. U Shape Kitchen as you enter into the loft. Spiral ...,,83.0,2300000,1.0,1.0,1.0,"RE/MAX, Property Associates - Table View",27710.843373493975
6936,110631106,https://www.property24.com/for-sale/green-point/cape-town/western-cape/11017/110631106,Apartment,Green Point,EXCLUSIVE MANDATE This stunning 1 bedroom apartment in the heart of Green Point has a lot to offer.Apartment Features:Opulent ...,,47.0,2995000,1.0,1.0,1.0,Tyson Properties Atlantic Seaboard,63723.40425531915
6954,110595151,https://www.property24.com/for-sale/green-point/cape-town/western-cape/11017/110595151,Apartment,Green Point,Perfectly located 2 bedroom 1 bathroom apartment with a balcony and beautiful views.Property features:Sea Views1 Secure ...,,76.0,2850000,2.0,1.0,1.0,Sotheby's International Realty - Atlantic Seaboard & City Bowl,37500.0
6975,110127160,https://www.property24.com/for-sale/green-point/cape-town/western-cape/11017/110127160,Apartment,Green Point,"High up in the Sky with towering views over the Green Point coastline, this corner top floor 2-bedroom apartment is incredible. With ...",,100.0,5750000,2.0,2.0,2.0,Tyson Properties Atlantic Seaboard,57500.0
7000,110392466,https://www.property24.com/for-sale/green-point/cape-town/western-cape/11017/110392466,Apartment,Green Point,"IN THE HEART OF THE GREEN POINT VILLAGEThis front facing (NORTH), TOP floor apartment in a very desirable position in the very ...",,121.0,4495000,3.0,2.0,1.0,RE/MAX Living,37148.760330578516
7067,110311352,https://www.property24.com/for-sale/green-point/cape-town/western-cape/11017/110311352,Apartment,Green Point,"Needle in a Haystack!  There are only a handful of penthouses in Cape Town, which one could label as spectacular.  This is indeed one ...",,140.0,6750000,2.0,2.0,3.0,RE/MAX Living,48214.28571428572
7113,110497335,https://www.property24.com/for-sale/green-point/cape-town/western-cape/11017/110497335,Apartment,Green Point,ON SHOW BY APPOINTMENT ONLYA great place to own an investment! An absolute stunning apartment in a fantastic location. This is a 3 ...,,176.0,6950000,3.0,3.5,2.0,Tyson Properties Atlantic Seaboard,39488.63636363636
7132,109553291,https://www.property24.com/for-sale/green-point/cape-town/western-cape/11017/109553291,Apartment,Green Point,"Situated in one of the best blocks in the suburb, this modern 1 bedroom apartment is situated a stones throw from the Promenade. And  ...",,47.0,3300000,1.0,1.0,1.0,Sotheby's International Realty - Atlantic Seaboard & City Bowl,70212.76595744681
7138,109719158,https://www.property24.com/for-sale/green-point/cape-town/western-cape/11017/109719158,Apartment,Green Point,Location location location! !Spacious and neat 1 bedroom apartment. Renovated new open plan kitchen. This is a neat and cozy ...,,45.0,1480000,1.0,1.0,,,32888.88888888889
7163,109579744,https://www.property24.com/for-sale/green-point/cape-town/western-cape/11017/109579744,Apartment,Green Point,This mountain facing studio apartment has the convenience of location being close to the Beachfront and the V & A Waterfront and a ...,,36.0,1995000,,1.0,,Dogon Group Sea Point - Head Office,55416.666666666664
7186,107165128,https://www.property24.com/for-sale/green-point/cape-town/western-cape/11017/107165128,Apartment,Green Point,Beautiful modern 3 bedroom apartment high up in sought after Merriman Road with spectacular 270 degree views. Small block with only 5 ...,,279.0,13500000,3.0,3.0,2.0,Live Real Estate,48387.096774193546
7226,109325243,https://www.property24.com/for-sale/green-point/cape-town/western-cape/11017/109325243,Apartment,Green Point,"The Portswood is a very modern, boutique apartment block that will be scheduled for completion at the end of 2021. The designer styled ...",,49.0,2475000,1.0,1.0,1.0,Sotheby's International Realty - Atlantic Seaboard & City Bowl,50510.204081632655
7287,109626690,https://www.property24.com/for-sale/green-point/cape-town/western-cape/11017/109626690,Apartment,Green Point,"This little studio is nestled in a quite, green block in the heart of Green Point, is the ideal little student home, or for the young ...",,46.0,1500000,0.5,1.0,1.0,Sotheby's International Realty - Atlantic Seaboard & City Bowl,32608.695652173912
7298,108970863,https://www.property24.com/for-sale/green-point/cape-town/western-cape/11017/108970863,Apartment,Green Point,"Priced to SellThis quiet apartment is located in Taronga Mansions, located on the Main Road in the thick of the Green Point ...",,77.0,2250000,2.0,1.0,,Sotheby's International Realty - Atlantic Seaboard & City Bowl,29220.77922077922
7397,109108917,https://www.property24.com/for-sale/green-point/cape-town/western-cape/11017/109108917,Apartment,Green Point,"At the Residence, one can finally feel a home that truly depicts class, elegance and ...","Ss THE Residence, 15 Chepstow Road",112.0,5995000,2.0,2.0,2.0,Quay 1 International Realty,53526.78571428572
7422,107158998,https://www.property24.com/for-sale/green-point/cape-town/western-cape/11017/107158998,Apartment,Green Point,True european flair .  Corner apartment high up in block with magnificent mountain views. Spacious 1 bedroom apartment with en-suite ...,,62.0,3650000,1.0,1.0,1.0,Live Real Estate,58870.967741935485
7430,110687164,https://www.property24.com/for-sale/green-point/cape-town/western-cape/11017/110687164,Apartment,Green Point,"This compact studio apartment is close to the Green Point Park with lakes, jogging trails, a hedge maze and a biodiversity garden ...",,38.0,1400000,1.0,1.0,1.0,EXP South Africa,36842.10526315789
7508,109867508,https://www.property24.com/for-sale/green-point/cape-town/western-cape/11017/109867508,Apartment,Green Point,Find yourself nestled high up on the 6th floor of one of Green Points most sought after blocks.The luxurious living that the block ...,,67.0,2999000,1.0,1.0,1.0,Sotheby's International Realty - Atlantic Seaboard & City Bowl,44761.19402985075
7544,108053239,https://www.property24.com/for-sale/green-point/cape-town/western-cape/11017/108053239,Apartment,Green Point,"This exquisite unit offers the most stylish lifestyle, that one would expect to see on the cover of any design magazine. The top level ...",,297.0,30000000,3.0,2.5,2.0,Pam Golding Properties - Atlantic Seaboard,101010.101010101
7556,110565686,https://www.property24.com/for-sale/green-point/cape-town/western-cape/11017/110565686,Apartment,Green Point,"Superbly renovated light and bright one bedroom, one bathroom apartment in Green Point.Studio that has been renovated into a one ...",,44.0,1475000,1.0,1.0,,Stonehurst Properties,33522.72727272727
7562,109862529,https://www.property24.com/for-sale/green-point/cape-town/western-cape/11017/109862529,Apartment,Green Point,"**Sole Mandate**Investment - Selling with a great tenant. Option to buy fully furnished. Modern, safe and centrally located ...",,48.0,2250000,1.0,1.0,1.0,,46875.0
7568,110484460,https://www.property24.com/for-sale/green-point/cape-town/western-cape/11017/110484460,Apartment,Green Point,DG ExclusiveThis one-bedroom apartment en-suite is situated high up on the 7th floor with lovely views of the mountains & stadium ...,,61.0,2750000,1.0,1.0,1.0,Dogon Group Sea Point - Head Office,45081.96721311475
7574,109433226,https://www.property24.com/for-sale/green-point/cape-town/western-cape/11017/109433226,Apartment,Green Point,This lovely STUDIO unit is in a small unique building in Green Point.Top floor unit with a large balcony with views is very well ...,,48.0,1670000,1.0,1.0,,Sandak Lewin Trust,34791.666666666664
7575,109626693,https://www.property24.com/for-sale/green-point/cape-town/western-cape/11017/109626693,Apartment,Green Point,"Perfectly priced, and ready to go, this fantastic starter home is situated in one of the most desirable quiet cul-de-sacs in the ...",,75.0,2350000,1.0,1.0,1.0,Sotheby's International Realty - Atlantic Seaboard & City Bowl,31333.333333333332
7583,108016139,https://www.property24.com/for-sale/green-point/cape-town/western-cape/11017/108016139,Apartment,Green Point,"Modern, light and spacious open plan with stylish quality fittings throughout. Full length aluminium frame sliding glass doors open to ...",,81.0,2495000,2.0,2.0,,Jawitz Atlantic Seaboard,30802.46913580247
7610,110384242,https://www.property24.com/for-sale/green-point/cape-town/western-cape/11017/110384242,Apartment,Green Point,Joint Mandate – Tastefully renovated in the heart of Green Point and within walking distance to all the popular amenities we like to ...,,92.0,3150000,2.0,1.5,,Pam Golding Properties - Waterfront,34239.13043478261
7645,109383015,https://www.property24.com/for-sale/green-point/cape-town/western-cape/11017/109383015,Apartment,Green Point,"Beautifully renovated, quiet 1 bedroom apartment in the heart of Green Point. This is a treat for the investor hoping to air bnb as ...",,45.0,2150000,1.0,1.0,1.0,Sotheby's International Realty - Atlantic Seaboard & City Bowl,47777.77777777778
7653,110534491,https://www.property24.com/for-sale/green-point/cape-town/western-cape/11017/110534491,Apartment,Green Point,ON SHOW BY APPOINTMENT ONLYA great place to own an investment! An absolute stunning apartment in a fantastic location. This is a 2 ...,,103.0,5700000,2.0,2.0,2.0,Tyson Properties Atlantic Seaboard,55339.80582524272
7662,109498080,https://www.property24.com/for-sale/green-point/cape-town/western-cape/11017/109498080,Apartment,Green Point,"In the heart of Green Point, this luxurious apartment offers spacious living areas with 2 bedrooms en-suite. Offering a modern feel ...",,88.0,3595000,2.0,1.0,2.0,Hamiltons Property Portfolio - Western Cape,40852.27272727273
7671,109609288,https://www.property24.com/for-sale/green-point/cape-town/western-cape/11017/109609288,Apartment,Green Point,Price R4.750 Million (incl. VAT - no transfer duty)169 On Main offers a selection of 1 bedroom and 2 bedroom units which have been ...,,102.0,4750000,2.0,2.0,1.0,Dogon Group Sea Point - Head Office,46568.62745098039
7691,109278071,https://www.property24.com/for-sale/green-point/cape-town/western-cape/11017/109278071,Apartment,Green Point,This beautiful apartment situated on the Green Point strip.This stunning new apartment is a beautifully designed with custom built ...,,55.0,2995000,1.0,1.0,2.0,Sotheby's International Realty - Atlantic Seaboard & City Bowl,54454.545454545456
7750,109908550,https://www.property24.com/for-sale/green-point/cape-town/western-cape/11017/109908550,Apartment,Green Point,"Walk to the Stadium, Green Point Park,  shops and restaurants in a secure, central complex with a communal pool. This  2 bedroom ...",,85.0,3000000,2.0,1.0,2.0,"RE/MAX, Property Associates - Pinelands",35294.117647058825
7806,108430331,https://www.property24.com/for-sale/green-point/cape-town/western-cape/11017/108430331,Apartment,Green Point,"Brand new apartment in upmarket building offer excellent top class finishes. 2 bedrooms both en suite, open plan living areas leading ...",,96.0,5990000,2.0,2.0,2.0,Pam Golding Properties - Atlantic Seaboard,62395.833333333336
7810,109886234,https://www.property24.com/for-sale/green-point/cape-town/western-cape/11017/109886234,Apartment,Green Point,"This is Signatura's flagship development.Situated in the heart of De Waterkant, this North-West Facing corner unit is fully ...",,83.0,3950000,2.0,2.0,2.0,Sotheby's International Realty - Atlantic Seaboard & City Bowl,47590.361445783135
7858,110650684,https://www.property24.com/for-sale/green-point/cape-town/western-cape/11017/110650684,Apartment,Green Point,The spacious bedroom also has a workspace area andgood cupboard space. The bathroom has a shower. The bonus of an ...,,56.0,2695000,1.0,1.0,1.0,RE/MAX Living,48125.0
7884,109796483,https://www.property24.com/for-sale/green-point/cape-town/western-cape/11017/109796483,Apartment,Green Point,"Unique and spacious turn key apartmentSet amongst one of Cape Towns most quaint and quiet suburbs, this 2 bedroom first floor ...",,77.0,3400000,2.0,1.0,,Sotheby's International Realty - Atlantic Seaboard & City Bowl,44155.844155844155
7895,110374834,https://www.property24.com/for-sale/green-point/cape-town/western-cape/11017/110374834,Apartment,Green Point,Spacious and Sunny Apartment with Great ViewsAre you looking to buy into a certain lifestyle along the Green Point strip?This ...,,92.0,3200000,2.0,1.0,1.0,Jawitz Atlantic Seaboard,34782.608695652176
7907,106627783,https://www.property24.com/for-sale/green-point/cape-town/western-cape/11017/106627783,Apartment,Green Point,"NO TRANSFER DUTY - PRICE INCLUDES VAT - CAPE ROYALE - Spacious, front and side facing, with the most incredible views, duplex ...",,156.0,8460000,4.0,4.0,2.0,,54230.769230769234
7939,109998760,https://www.property24.com/for-sale/green-point/cape-town/western-cape/11017/109998760,Apartment,Green Point,Top floor Greenpoint studio with excellent positioning.Features include:- double volume living space- Balcony included in SQM- ...,,40.0,1650000,0.5,1.0,,Tyson Properties Atlantic Seaboard,41250.0
7987,106475610,https://www.property24.com/for-sale/green-point/cape-town/western-cape/11017/106475610,Apartment,Green Point,"A Touch of old world character with contemporary living!Beautiful apartment,2 bedroom ,1 bathroom .Solid wooden floors through living ...",,86.0,4950000,2.0,1.0,1.0,Hamiltons Property Portfolio - Western Cape,57558.13953488372
7988,106475605,https://www.property24.com/for-sale/green-point/cape-town/western-cape/11017/106475605,Apartment,Green Point,"A Touch of old world character with contemporary living!Air B & B Friendly . Fiber Installed . 2 bedrooms air-conditioned, 1 ...",,89.0,5600000,2.0,1.0,1.0,Hamiltons Property Portfolio - Western Cape,62921.348314606745
8002,110214517,https://www.property24.com/for-sale/green-point/cape-town/western-cape/11017/110214517,Apartment,Green Point,"This spacious 2 bedroom apartment with gorgeous 1930's wooden floors throughout and contemporary modern finishes, this apartment is ...",,90.0,4450000,2.0,2.0,1.0,Dogon Group Sea Point - Head Office,49444.444444444445
8060,106653448,https://www.property24.com/for-sale/green-point/cape-town/western-cape/11017/106653448,Apartment,Green Point,"2 bedroom apartment in the heart of Green Point. Great views over the city, sea and stadium. Open plan living with small balconyOne ...",,78.0,2300000,2.0,1.0,2.0,Property.CoZa - Prestige,29487.17948717949
8073,109309657,https://www.property24.com/for-sale/green-point/cape-town/western-cape/11017/109309657,Apartment,Green Point,This new stunning two bedroom apartment in the new Portswood development.Designed to suit the modern-professional.24 Hour security ...,,79.0,3850000,2.0,2.0,1.0,Sotheby's International Realty - Atlantic Seaboard & City Bowl,48734.17721518988
8084,110021605,https://www.property24.com/for-sale/green-point/cape-town/western-cape/11017/110021605,Apartment,Green Point,"This fully furnished, spacious, 142sqm apartment, including 14sqm terrace, boasts wooden flooring throughout, floor to ceiling-double ...",,142.0,7500000,2.0,2.0,,IKon Residential,52816.90140845071
8091,108988633,https://www.property24.com/for-sale/green-point/cape-town/western-cape/11017/108988633,Apartment,Green Point,Exclusive:You’ve been looking for a 2 bedroom in the Atlantic Seaboard...  look no further !!!What makes this property the one ...,,77.0,2250000,2.0,1.0,1.0,RE/MAX Living,29220.77922077922
8150,109331942,https://www.property24.com/for-sale/green-point/cape-town/western-cape/11017/109331942,Apartment,Green Point,Modern new apartment in a highly sought after block.24 hour security controlled access.Finished with warm and luxurious oak timber ...,,41.0,1975000,1.0,1.0,1.0,Sotheby's International Realty - Atlantic Seaboard & City Bowl,48170.73170731707
8319,110353215,https://www.property24.com/for-sale/green-point/cape-town/western-cape/11017/110353215,Apartment,Green Point,Light and bright east-facing studio apartment set high up in a good security complex. Comes with a secure open parking bay. This block ...,,41.0,1425000,0.5,1.0,1.0,RE/MAX Living,34756.09756097561
